after_task,step,eval_task,acc
0,1,0,0.568500
0,1,1,0.479500
0,1,2,0.000000
0,1,3,0.000000
0,1,4,0.000000
