after_task,step,task_0,task_1,task_2,task_3,task_4
0,24,0.877500,0.240500,0.295500,0.553500,0.213000
