after_task,step,eval_task,acc
0,24,0,0.872000
0,24,1,0.270000
0,24,2,0.220000
0,24,3,0.592000
0,24,4,0.243500
