after_task,step,task_0,task_1,task_2,task_3,task_4
0,24,0.833000,0.302500,0.254000,0.542000,0.234500
