after_task,step,task_0,task_1,task_2,task_3,task_4
0,1,0.781500,0.361000,0.048500,0.005000,0.000000
