after_task,step,eval_task,acc
0,24,0,0.890000
0,24,1,0.270000
0,24,2,0.219000
0,24,3,0.579500
0,24,4,0.153500
