after_task,step,task_0,task_1,task_2,task_3,task_4
0,24,0.841500,0.227500,0.320000,0.553000,0.267000
