after_task,step,task_0,task_1,task_2,task_3,task_4
0,24,0.745000,0.287000,0.259000,0.280500,0.115000
1,49,0.557500,0.000500,0.577000,0.335000,0.091500
2,74,0.232000,0.186500,0.448500,0.593500,0.475000
3,99,0.493500,0.433000,0.118000,0.374500,0.508000
4,124,0.341500,0.511500,0.262000,0.313000,0.637500
