after_task,step,task_0,task_1,task_2,task_3,task_4
0,1,0.757000,0.383500,0.035500,0.030500,0.000000
