after_task,step,eval_task,acc
0,1,0,0.599000
0,1,1,0.075000
0,1,2,0.019500
0,1,3,0.000000
0,1,4,0.000000
1,3,0,0.000000
1,3,1,0.000000
1,3,2,0.500000
1,3,3,0.000000
1,3,4,0.000000
2,5,0,0.000000
2,5,1,0.000000
2,5,2,0.446000
2,5,3,0.106000
2,5,4,0.000000
3,7,0,0.000000
3,7,1,0.014500
3,7,2,0.000000
3,7,3,0.000000
3,7,4,0.495000
4,9,0,0.000000
4,9,1,0.008500
4,9,2,0.000000
4,9,3,0.000000
4,9,4,0.498500
