after_task,step,eval_task,acc
0,1,0,0.781500
0,1,1,0.361000
0,1,2,0.048500
0,1,3,0.005000
0,1,4,0.000000
