after_task,step,task_0,task_1,task_2,task_3,task_4
0,24,0.902500,0.372000,0.101500,0.428500,0.104500
