after_task,step,task_0,task_1,task_2,task_3,task_4
0,1,0.724000,0.426000,0.000500,0.000000,0.000000
1,3,0.434000,0.000500,0.487500,0.022500,0.000000
2,5,0.348500,0.035500,0.427500,0.488000,0.008000
3,7,0.271000,0.179000,0.243500,0.397000,0.482000
4,9,0.275000,0.477500,0.125000,0.191000,0.674500
