after_task,step,eval_task,acc
0,1,0,0.757000
0,1,1,0.383500
0,1,2,0.035500
0,1,3,0.030500
0,1,4,0.000000
