after_task,step,task_0,task_1,task_2,task_3,task_4
0,24,0.767500,0.250500,0.277000,0.289500,0.106000
1,49,0.558500,0.001000,0.584000,0.350500,0.086000
2,74,0.217500,0.175000,0.428500,0.604500,0.473000
3,99,0.464000,0.420500,0.108000,0.371000,0.513000
4,124,0.349000,0.516000,0.233500,0.326000,0.648500
