after_task,step,task_0,task_1,task_2,task_3,task_4
0,24,0.820000,0.198500,0.327500,0.637500,0.303000
