after_task,step,task_0,task_1,task_2,task_3,task_4
0,24,0.864000,0.276500,0.209000,0.591500,0.255000
