after_task,step,task_0,task_1,task_2,task_3,task_4
0,24,0.768500,0.268500,0.258500,0.303500,0.099000
1,49,0.554500,0.001000,0.575000,0.347500,0.087500
2,74,0.212000,0.179000,0.445500,0.592000,0.470500
3,99,0.469500,0.419000,0.131000,0.396500,0.512000
4,124,0.361000,0.519500,0.244000,0.323000,0.635000
