after_task,step,task_0,task_1,task_2,task_3,task_4
0,24,0.872000,0.318500,0.185500,0.547500,0.181500
1,49,0.735500,0.129000,0.439000,0.709500,0.018500
2,74,0.354500,0.281500,0.440000,0.706000,0.600000
3,99,0.724500,0.474500,0.202000,0.544000,0.586000
4,124,0.444000,0.496000,0.293000,0.511500,0.768500
