after_task,step,eval_task,acc
0,0,0,0.266500
0,0,1,0.000000
0,0,2,0.187000
0,0,3,0.000000
0,0,4,0.000000
1,1,0,0.000000
1,1,1,0.000000
1,1,2,0.500000
1,1,3,0.000000
1,1,4,0.000000
2,2,0,0.000000
2,2,1,0.000000
2,2,2,0.021500
2,2,3,0.491500
2,2,4,0.000000
3,3,0,0.000000
3,3,1,0.000000
3,3,2,0.000000
3,3,3,0.000000
3,3,4,0.500000
4,4,0,0.000000
4,4,1,0.000000
4,4,2,0.000000
4,4,3,0.000000
4,4,4,0.500000
