after_task,step,task_0,task_1,task_2,task_3,task_4
0,24,0.872000,0.270000,0.220000,0.592000,0.243500
