after_task,step,eval_task,acc
0,24,0,0.820000
0,24,1,0.198500
0,24,2,0.327500
0,24,3,0.637500
0,24,4,0.303000
