after_task,step,eval_task,acc
0,24,0,0.849000
0,24,1,0.240000
0,24,2,0.329500
0,24,3,0.542000
0,24,4,0.232000
