after_task,step,task_0,task_1,task_2,task_3,task_4
0,24,0.798000,0.279500,0.276500,0.600500,0.314000
