after_task,step,task_0,task_1,task_2,task_3,task_4
0,24,0.824500,0.213500,0.314500,0.620000,0.299500
