after_task,step,task_0,task_1,task_2,task_3,task_4
0,24,0.750500,0.273000,0.268000,0.264000,0.118500
1,49,0.556000,0.001000,0.583500,0.329000,0.085500
2,74,0.228500,0.184000,0.430500,0.602000,0.482000
3,99,0.446500,0.419500,0.117500,0.379000,0.510000
4,124,0.346500,0.522000,0.247000,0.339000,0.647000
