after_task,step,task_0,task_1,task_2,task_3,task_4
0,24,0.890000,0.270000,0.219000,0.579500,0.153500
