after_task,step,task_0,task_1,task_2,task_3,task_4
0,24,0.772500,0.250500,0.279000,0.261000,0.086000
1,49,0.559500,0.000500,0.578000,0.345500,0.085000
2,74,0.206500,0.185000,0.444000,0.589000,0.464000
3,99,0.470500,0.412500,0.129500,0.369500,0.510000
4,124,0.339500,0.533000,0.253500,0.317500,0.658000
