after_task,step,eval_task,acc
0,24,0,0.798000
0,24,1,0.279500
0,24,2,0.276500
0,24,3,0.600500
0,24,4,0.314000
