after_task,step,task_0,task_1,task_2,task_3,task_4
0,24,0.854500,0.331500,0.182500,0.623500,0.243500
1,49,0.759500,0.095000,0.422000,0.663500,0.037000
2,74,0.272500,0.324500,0.410000,0.741000,0.601500
3,99,0.769000,0.334000,0.206000,0.650500,0.557500
4,124,0.421500,0.431000,0.349500,0.579000,0.773000
