after_task,step,eval_task,acc
0,24,0,0.877500
0,24,1,0.240500
0,24,2,0.295500
0,24,3,0.553500
0,24,4,0.213000
