after_task,step,task_0,task_1,task_2,task_3,task_4
0,24,0.618000,0.352000,0.000000,0.307500,0.355000
1,49,0.313500,0.000000,0.699500,0.259000,0.080500
2,74,0.375500,0.308500,0.366500,0.621000,0.284500
3,99,0.473000,0.316000,0.221000,0.450500,0.479000
4,124,0.426500,0.601500,0.064000,0.226500,0.621500
