after_task,step,task_0,task_1,task_2,task_3,task_4
0,24,0.738000,0.245500,0.321000,0.610500,0.351500
