after_task,step,eval_task,acc
0,24,0,0.902500
0,24,1,0.372000
0,24,2,0.101500
0,24,3,0.428500
0,24,4,0.104500
