after_task,step,eval_task,acc
0,24,0,0.824500
0,24,1,0.213500
0,24,2,0.314500
0,24,3,0.620000
0,24,4,0.299500
