after_task,step,task_0,task_1,task_2,task_3,task_4
0,24,0.614500,0.339000,0.000000,0.302000,0.373500
1,49,0.302500,0.000000,0.681000,0.257000,0.078500
2,74,0.380000,0.300500,0.381000,0.610500,0.289000
3,99,0.475000,0.313500,0.228500,0.460000,0.478500
4,124,0.420500,0.594000,0.060000,0.219000,0.634500
