after_task,step,task_0,task_1,task_2,task_3,task_4
0,24,0.755500,0.273500,0.269500,0.282000,0.088500
1,49,0.560500,0.001000,0.580500,0.348500,0.089500
2,74,0.225000,0.187500,0.453000,0.582000,0.471000
3,99,0.502500,0.418500,0.143500,0.402000,0.507000
4,124,0.353500,0.508500,0.261000,0.325500,0.638500
