after_task,step,eval_task,acc
0,1,0,0.724000
0,1,1,0.426000
0,1,2,0.000500
0,1,3,0.000000
0,1,4,0.000000
1,3,0,0.434000
1,3,1,0.000500
1,3,2,0.487500
1,3,3,0.022500
1,3,4,0.000000
2,5,0,0.348500
2,5,1,0.035500
2,5,2,0.427500
2,5,3,0.488000
2,5,4,0.008000
3,7,0,0.271000
3,7,1,0.179000
3,7,2,0.243500
3,7,3,0.397000
3,7,4,0.482000
4,9,0,0.275000
4,9,1,0.477500
4,9,2,0.125000
4,9,3,0.191000
4,9,4,0.674500
