after_task,step,task_0,task_1,task_2,task_3,task_4
0,24,0.849000,0.240000,0.329500,0.542000,0.232000
