after_task,step,eval_task,acc
0,24,0,0.738000
0,24,1,0.245500
0,24,2,0.321000
0,24,3,0.610500
0,24,4,0.351500
