after_task,step,task_0,task_1,task_2,task_3,task_4
0,1,0.568500,0.479500,0.000000,0.000000,0.000000
