after_task,step,task_0,task_1,task_2,task_3,task_4
0,24,0.603000,0.344500,0.000000,0.299500,0.376500
1,49,0.300500,0.000000,0.707500,0.262000,0.076500
2,74,0.378500,0.317000,0.380000,0.614000,0.293000
3,99,0.462000,0.322500,0.241000,0.457000,0.478000
4,124,0.422500,0.609500,0.054000,0.221500,0.623000
