after_task,step,task_0,task_1,task_2,task_3,task_4
0,24,0.757500,0.266000,0.271500,0.269500,0.101500
1,49,0.498000,0.011500,0.719500,0.388000,0.048500
2,74,0.179000,0.082500,0.670000,0.492500,0.325000
3,99,0.274500,0.426000,0.001500,0.332500,0.597500
4,124,0.449500,0.364500,0.176000,0.197000,0.465000
