after_task,step,eval_task,acc
0,24,0,0.864000
0,24,1,0.276500
0,24,2,0.209000
0,24,3,0.591500
0,24,4,0.255000
