after_task,step,task_0,task_1,task_2,task_3,task_4
0,1,0.599000,0.000000,0.000000,0.000000,0.000000
1,3,0.000000,0.000000,0.000000,0.000000,0.000000
2,5,0.000000,0.000000,0.000000,0.000000,0.000000
3,7,0.000000,0.000000,0.000000,0.000000,0.000000
4,9,0.000000,0.000000,0.000000,0.000000,0.000000
