{
  "total_images": 60000,
  "class_counts": {
    "0": 6000,
    "1": 6000,
    "2": 6000,
    "3": 6000,
    "4": 6000,
    "5": 6000,
    "6": 6000,
    "7": 6000,
    "8": 6000,
    "9": 6000
  },
  "global_mean_rgb": [
    0.49186718463897705,
    0.4826544523239136,
    0.4471771717071533
  ],
  "global_std_rgb": [
    0.24697214365005493,
    0.24338878691196442,
    0.26159244775772095
  ],
  "per_class_stats": {
    "0": {
      "label": "airplane",
      "mean_rgb": [
        0.527013897895813,
        0.5622732043266296,
        0.5917544960975647
      ],
      "std_rgb": [
        0.2499479502439499,
        0.24034518003463745,
        0.2649661600589752
      ]
    },
    "1": {
      "label": "automobile",
      "mean_rgb": [
        0.4710957407951355,
        0.4545394778251648,
        0.4474053978919983
      ],
      "std_rgb": [
        0.2683132588863373,
        0.2659757435321808,
        0.2749849855899811
      ]
    },
    "2": {
      "label": "bird",
      "mean_rgb": [
        0.4893650710582733,
        0.49205899238586426,
        0.424744188785553
      ],
      "std_rgb": [
        0.2269544005393982,
        0.22100293636322021,
        0.2437240034341812
      ]
    },
    "3": {
      "label": "cat",
      "mean_rgb": [
        0.4951329231262207,
        0.4562203288078308,
        0.41561487317085266
      ],
      "std_rgb": [
        0.25657162070274353,
        0.25178489089012146,
        0.2574474513530731
      ]
    },
    "4": {
      "label": "deer",
      "mean_rgb": [
        0.4704952538013458,
        0.46423038840293884,
        0.37694251537323
      ],
      "std_rgb": [
        0.21667450666427612,
        0.20572127401828766,
        0.21055229008197784
      ]
    },
    "5": {
      "label": "dog",
      "mean_rgb": [
        0.501496434211731,
        0.4662855565547943,
        0.4179772436618805
      ],
      "std_rgb": [
        0.25062280893325806,
        0.24390879273414612,
        0.24933700263500214
      ]
    },
    "6": {
      "label": "frog",
      "mean_rgb": [
        0.47086766362190247,
        0.4390389323234558,
        0.345350056886673
      ],
      "std_rgb": [
        0.22902917861938477,
        0.21868479251861572,
        0.22050634026527405
      ]
    },
    "7": {
      "label": "horse",
      "mean_rgb": [
        0.502479076385498,
        0.48046359419822693,
        0.41832515597343445
      ],
      "std_rgb": [
        0.24317064881324768,
        0.2440323829650879,
        0.25236204266548157
      ]
    },
    "8": {
      "label": "ship",
      "mean_rgb": [
        0.4909580945968628,
        0.5252695679664612,
        0.5543736815452576
      ],
      "std_rgb": [
        0.24946950376033783,
        0.240518257021904,
        0.2513233423233032
      ]
    },
    "9": {
      "label": "truck",
      "mean_rgb": [
        0.4997807741165161,
        0.4861607253551483,
        0.4792841076850891
      ],
      "std_rgb": [
        0.2677932381629944,
        0.2689592242240906,
        0.2809223532676697
      ]
    }
  },
  "tsne_generated": true,
  "used_pretrained": false
}