after_task,step,task_0,task_1,task_2,task_3,task_4
0,24,0.748000,0.283500,0.261500,0.265500,0.118500
1,49,0.502000,0.009500,0.722000,0.377000,0.063500
2,74,0.197500,0.096500,0.655500,0.496000,0.357500
3,99,0.262500,0.408000,0.004000,0.353000,0.586000
4,124,0.421000,0.383500,0.193500,0.207000,0.474500
