after_task,step,eval_task,acc
0,24,0,0.833000
0,24,1,0.302500
0,24,2,0.254000
0,24,3,0.542000
0,24,4,0.234500
